{"objects":[{"flag":"Render","type":"Toggle","state":false},{"flag":"DonateDropdown","type":"Dropdown"},{"flag":"Emote","type":"Dropdown","value":"ninja"},{"flag":"WalkSpeedSlider","type":"Slider","value":"17"},{"flag":"EndRound","type":"Toggle","state":false},{"flag":"Names","type":"Toggle","state":true},{"flag":"KillAll","type":"Toggle","state":false},{"flag":"Spectate","type":"Toggle","state":false},{"flag":"TargetFling","type":"Toggle","state":false},{"flag":"AutoShoot","type":"Toggle","state":false},{"flag":"ShootBind","type":"Keybind"},{"flag":"AuraDistance","type":"Slider","value":"5"},{"flag":"Target","type":"Dropdown"},{"flag":"Mode","type":"Dropdown","value":"Nearest"},{"flag":"WalkSpeed","type":"Toggle","state":true},{"flag":"Chams","type":"Toggle","state":true},{"flag":"AutoFarm","type":"Toggle","state":false},{"flag":"AntiFling","type":"Toggle","state":false},{"flag":"Webhook","type":"Input","text":""},{"flag":"Annoy","type":"Toggle","state":false},{"flag":"SilentAim","type":"Toggle","state":true},{"flag":"GunDropCham","type":"Toggle","state":true},{"flag":"JumpPower","type":"Slider","value":"50"},{"flag":"Jump","type":"Toggle","state":false},{"flag":"AutoRejoin","type":"Toggle","state":false},{"flag":"CoinTracker","type":"Toggle","state":false},{"flag":"KillAura","type":"Toggle","state":false},{"flag":"WebhookTime","type":"Input","text":""},{"flag":"AutoExecute","type":"Toggle","state":false},{"flag":"SaveSettings","type":"Toggle","state":true},{"flag":"AutoGrab","type":"Toggle","state":false},{"flag":"AutoEmote","type":"Toggle","state":false}]}